cell_id,lat,lon,v_index,mean_temp,total_rain,score,label
0,1761690.0,113610.0,255.0,20.0,138.0,0.6880000000000001,high
1,1780140.0,93750.0,0.0,20.0,138.0,0.28800000000000003,low
2,1748970.0,103380.0,1.0,20.0,138.0,0.2895686274509804,low
3,1779780.0,101670.0,1.0,20.0,138.0,0.2895686274509804,low
4,1753530.0,87090.0,8.0,20.0,138.0,0.30054901960784314,low
5,1775790.0,89790.0,0.0,20.0,138.0,0.28800000000000003,low
6,1753890.0,116730.0,255.0,20.0,138.0,0.6880000000000001,high
7,1769820.0,101310.0,255.0,20.0,138.0,0.6880000000000001,high
8,1762800.0,109980.0,255.0,20.0,138.0,0.6880000000000001,high
9,1763640.0,86280.0,1.0,20.0,138.0,0.2895686274509804,low
10,1747800.0,93390.0,255.0,20.0,138.0,0.6880000000000001,high
11,1764540.0,86580.0,255.0,20.0,138.0,0.6880000000000001,high
12,1777770.0,95580.0,255.0,20.0,138.0,0.6880000000000001,high
13,1778880.0,114060.0,255.0,20.0,138.0,0.6880000000000001,high
14,1772670.0,93780.0,255.0,20.0,138.0,0.6880000000000001,high
15,1776210.0,105090.0,255.0,20.0,138.0,0.6880000000000001,high
16,1747620.0,106170.0,2.0,20.0,138.0,0.2911372549019608,low
17,1746360.0,103740.0,255.0,20.0,138.0,0.6880000000000001,high
18,1774590.0,92310.0,2.0,20.0,138.0,0.2911372549019608,low
19,1746270.0,98580.0,255.0,20.0,138.0,0.6880000000000001,high
20,1760670.0,99420.0,255.0,20.0,138.0,0.6880000000000001,high
21,1771320.0,113970.0,255.0,20.0,138.0,0.6880000000000001,high
22,1771410.0,118890.0,255.0,20.0,138.0,0.6880000000000001,high
23,1776120.0,85410.0,0.0,20.0,138.0,0.28800000000000003,low
24,1758960.0,111240.0,255.0,20.0,138.0,0.6880000000000001,high
25,1749090.0,110940.0,2.0,20.0,138.0,0.2911372549019608,low
26,1757400.0,114660.0,255.0,20.0,138.0,0.6880000000000001,high
27,1780770.0,109410.0,0.0,20.0,138.0,0.28800000000000003,low
28,1768050.0,114240.0,255.0,20.0,138.0,0.6880000000000001,high
29,1758330.0,99270.0,255.0,20.0,138.0,0.6880000000000001,high
30,1764960.0,109770.0,255.0,20.0,138.0,0.6880000000000001,high
31,1769610.0,116250.0,255.0,20.0,138.0,0.6880000000000001,high
32,1772070.0,119760.0,0.0,20.0,138.0,0.28800000000000003,low
33,1776900.0,86850.0,0.0,20.0,138.0,0.28800000000000003,low
34,1782300.0,119130.0,0.0,20.0,138.0,0.28800000000000003,low
35,1746210.0,114780.0,0.0,20.0,138.0,0.28800000000000003,low
36,1774740.0,86910.0,0.0,20.0,138.0,0.28800000000000003,low
37,1761960.0,83190.0,255.0,20.0,138.0,0.6880000000000001,high
38,1775550.0,94290.0,0.0,20.0,138.0,0.28800000000000003,low
39,1778400.0,118770.0,255.0,20.0,138.0,0.6880000000000001,high
40,1761180.0,101250.0,255.0,20.0,138.0,0.6880000000000001,high
41,1756020.0,101580.0,8.0,20.0,138.0,0.30054901960784314,low
42,1757370.0,97170.0,255.0,20.0,138.0,0.6880000000000001,high
43,1759470.0,104190.0,255.0,20.0,138.0,0.6880000000000001,high
44,1753920.0,106380.0,255.0,20.0,138.0,0.6880000000000001,high
45,1752480.0,95970.0,4.0,20.0,138.0,0.29427450980392156,low
46,1758240.0,84510.0,1.0,20.0,138.0,0.2895686274509804,low
47,1756530.0,99450.0,6.0,20.0,138.0,0.2974117647058824,low
48,1747680.0,98190.0,255.0,20.0,138.0,0.6880000000000001,high
49,1765110.0,102960.0,255.0,20.0,138.0,0.6880000000000001,high
50,1772370.0,82800.0,255.0,20.0,138.0,0.6880000000000001,high
51,1759200.0,86190.0,2.0,20.0,138.0,0.2911372549019608,low
52,1766640.0,118980.0,255.0,20.0,138.0,0.6880000000000001,high
53,1772940.0,83130.0,0.0,20.0,138.0,0.28800000000000003,low
54,1777230.0,97230.0,255.0,20.0,138.0,0.6880000000000001,high
55,1764960.0,107430.0,255.0,20.0,138.0,0.6880000000000001,high
56,1773570.0,92730.0,255.0,20.0,138.0,0.6880000000000001,high
57,1772490.0,117240.0,255.0,20.0,138.0,0.6880000000000001,high
58,1766460.0,96480.0,255.0,20.0,138.0,0.6880000000000001,high
59,1775100.0,113760.0,255.0,20.0,138.0,0.6880000000000001,high
60,1749990.0,93210.0,8.0,20.0,138.0,0.30054901960784314,low
61,1774410.0,106830.0,255.0,20.0,138.0,0.6880000000000001,high
62,1776000.0,90930.0,0.0,20.0,138.0,0.28800000000000003,low
63,1767270.0,97080.0,5.0,20.0,138.0,0.29584313725490197,low
64,1748160.0,86640.0,255.0,20.0,138.0,0.6880000000000001,high
65,1759980.0,86550.0,255.0,20.0,138.0,0.6880000000000001,high
66,1778190.0,104640.0,255.0,20.0,138.0,0.6880000000000001,high
67,1779720.0,108360.0,255.0,20.0,138.0,0.6880000000000001,high
68,1768230.0,98010.0,1.0,20.0,138.0,0.2895686274509804,low
69,1776000.0,94110.0,0.0,20.0,138.0,0.28800000000000003,low
70,1771440.0,110730.0,255.0,20.0,138.0,0.6880000000000001,high
71,1756650.0,101190.0,3.0,20.0,138.0,0.29270588235294115,low
72,1766850.0,109860.0,255.0,20.0,138.0,0.6880000000000001,high
73,1754010.0,82380.0,255.0,20.0,138.0,0.6880000000000001,high
74,1777950.0,109860.0,255.0,20.0,138.0,0.6880000000000001,high
75,1752030.0,116610.0,255.0,20.0,138.0,0.6880000000000001,high
76,1776030.0,118230.0,255.0,20.0,138.0,0.6880000000000001,high
77,1774860.0,99870.0,255.0,20.0,138.0,0.6880000000000001,high
78,1759530.0,103590.0,255.0,20.0,138.0,0.6880000000000001,high
79,1778190.0,109260.0,255.0,20.0,138.0,0.6880000000000001,high
80,1774650.0,91740.0,7.0,20.0,138.0,0.2989803921568628,low
81,1759770.0,107490.0,255.0,20.0,138.0,0.6880000000000001,high
82,1768800.0,108750.0,255.0,20.0,138.0,0.6880000000000001,high
83,1755450.0,88770.0,255.0,20.0,138.0,0.6880000000000001,high
84,1759530.0,109230.0,255.0,20.0,138.0,0.6880000000000001,high
85,1768140.0,101940.0,255.0,20.0,138.0,0.6880000000000001,high
86,1756380.0,115500.0,255.0,20.0,138.0,0.6880000000000001,high
87,1749450.0,101940.0,255.0,20.0,138.0,0.6880000000000001,high
88,1777140.0,98550.0,255.0,20.0,138.0,0.6880000000000001,high
89,1754640.0,115560.0,255.0,20.0,138.0,0.6880000000000001,high
90,1776030.0,112650.0,255.0,20.0,138.0,0.6880000000000001,high
91,1769040.0,91710.0,255.0,20.0,138.0,0.6880000000000001,high
92,1780080.0,105000.0,255.0,20.0,138.0,0.6880000000000001,high
93,1764840.0,91950.0,255.0,20.0,138.0,0.6880000000000001,high
94,1781730.0,108330.0,0.0,20.0,138.0,0.28800000000000003,low
95,1755120.0,112110.0,255.0,20.0,138.0,0.6880000000000001,high
96,1772550.0,112140.0,255.0,20.0,138.0,0.6880000000000001,high
97,1779150.0,101460.0,255.0,20.0,138.0,0.6880000000000001,high
98,1776420.0,111240.0,255.0,20.0,138.0,0.6880000000000001,high
99,1762260.0,90660.0,255.0,20.0,138.0,0.6880000000000001,high
100,1751730.0,86460.0,255.0,20.0,138.0,0.6880000000000001,high
101,1760340.0,83280.0,255.0,20.0,138.0,0.6880000000000001,high
102,1761690.0,118860.0,255.0,20.0,138.0,0.6880000000000001,high
103,1757070.0,105120.0,255.0,20.0,138.0,0.6880000000000001,high
104,1765110.0,112260.0,255.0,20.0,138.0,0.6880000000000001,high
105,1773690.0,107160.0,255.0,20.0,138.0,0.6880000000000001,high
106,1772970.0,109890.0,255.0,20.0,138.0,0.6880000000000001,high
107,1756200.0,102720.0,2.0,20.0,138.0,0.2911372549019608,low
108,1755630.0,86850.0,255.0,20.0,138.0,0.6880000000000001,high
109,1766580.0,110730.0,255.0,20.0,138.0,0.6880000000000001,high
110,1776060.0,112770.0,255.0,20.0,138.0,0.6880000000000001,high
111,1767360.0,101850.0,255.0,20.0,138.0,0.6880000000000001,high
112,1773870.0,115110.0,255.0,20.0,138.0,0.6880000000000001,high
113,1767030.0,95490.0,255.0,20.0,138.0,0.6880000000000001,high
114,1765230.0,92760.0,255.0,20.0,138.0,0.6880000000000001,high
115,1758330.0,93870.0,255.0,20.0,138.0,0.6880000000000001,high
116,1750500.0,100530.0,3.0,20.0,138.0,0.29270588235294115,low
117,1775490.0,102570.0,255.0,20.0,138.0,0.6880000000000001,high
118,1767060.0,81870.0,255.0,20.0,138.0,0.6880000000000001,high
119,1757370.0,119280.0,255.0,20.0,138.0,0.6880000000000001,high
120,1764720.0,100890.0,255.0,20.0,138.0,0.6880000000000001,high
121,1776990.0,90240.0,0.0,20.0,138.0,0.28800000000000003,low
122,1752390.0,96870.0,2.0,20.0,138.0,0.2911372549019608,low
123,1765920.0,102900.0,255.0,20.0,138.0,0.6880000000000001,high
124,1765410.0,98940.0,255.0,20.0,138.0,0.6880000000000001,high
125,1760550.0,87090.0,255.0,20.0,138.0,0.6880000000000001,high
126,1773240.0,99810.0,255.0,20.0,138.0,0.6880000000000001,high
127,1766970.0,90510.0,255.0,20.0,138.0,0.6880000000000001,high
128,1754610.0,94260.0,255.0,20.0,138.0,0.6880000000000001,high
129,1776540.0,94950.0,0.0,20.0,138.0,0.28800000000000003,low
130,1750620.0,97290.0,255.0,20.0,138.0,0.6880000000000001,high
131,1757580.0,100200.0,255.0,20.0,138.0,0.6880000000000001,high
132,1770630.0,106140.0,255.0,20.0,138.0,0.6880000000000001,high
133,1763910.0,118440.0,255.0,20.0,138.0,0.6880000000000001,high
134,1767930.0,114690.0,255.0,20.0,138.0,0.6880000000000001,high
135,1765260.0,82470.0,255.0,20.0,138.0,0.6880000000000001,high
136,1768200.0,107400.0,255.0,20.0,138.0,0.6880000000000001,high
137,1758930.0,113790.0,255.0,20.0,138.0,0.6880000000000001,high
138,1760820.0,102360.0,255.0,20.0,138.0,0.6880000000000001,high
139,1770780.0,98400.0,255.0,20.0,138.0,0.6880000000000001,high
140,1779120.0,86070.0,0.0,20.0,138.0,0.28800000000000003,low
141,1759920.0,88680.0,255.0,20.0,138.0,0.6880000000000001,high
142,1761360.0,84660.0,255.0,20.0,138.0,0.6880000000000001,high
143,1765230.0,95070.0,255.0,20.0,138.0,0.6880000000000001,high
144,1768290.0,112620.0,255.0,20.0,138.0,0.6880000000000001,high
145,1768680.0,107280.0,255.0,20.0,138.0,0.6880000000000001,high
146,1758390.0,93420.0,5.0,20.0,138.0,0.29584313725490197,low
147,1776000.0,83790.0,0.0,20.0,138.0,0.28800000000000003,low
148,1755300.0,98820.0,10.0,20.0,138.0,0.3036862745098039,low
149,1759710.0,110310.0,255.0,20.0,138.0,0.6880000000000001,high
150,1760220.0,114480.0,255.0,20.0,138.0,0.6880000000000001,high
151,1776930.0,87450.0,0.0,20.0,138.0,0.28800000000000003,low
152,1755540.0,83640.0,255.0,20.0,138.0,0.6880000000000001,high
153,1753980.0,108570.0,1.0,20.0,138.0,0.2895686274509804,low
154,1777020.0,114120.0,255.0,20.0,138.0,0.6880000000000001,high
155,1758090.0,101790.0,255.0,20.0,138.0,0.6880000000000001,high
156,1759320.0,90780.0,255.0,20.0,138.0,0.6880000000000001,high
157,1766340.0,89130.0,255.0,20.0,138.0,0.6880000000000001,high
158,1756200.0,104160.0,1.0,20.0,138.0,0.2895686274509804,low
159,1748730.0,92820.0,2.0,20.0,138.0,0.2911372549019608,low
160,1754100.0,89970.0,255.0,20.0,138.0,0.6880000000000001,high
161,1776000.0,81780.0,0.0,20.0,138.0,0.28800000000000003,low
162,1764720.0,111690.0,255.0,20.0,138.0,0.6880000000000001,high
163,1771710.0,119430.0,255.0,20.0,138.0,0.6880000000000001,high
164,1749570.0,81990.0,255.0,20.0,138.0,0.6880000000000001,high
165,1778880.0,84270.0,0.0,20.0,138.0,0.28800000000000003,low
166,1750200.0,93870.0,2.0,20.0,138.0,0.2911372549019608,low
167,1769910.0,108420.0,255.0,20.0,138.0,0.6880000000000001,high
168,1760970.0,82980.0,255.0,20.0,138.0,0.6880000000000001,high
169,1753050.0,108750.0,5.0,20.0,138.0,0.29584313725490197,low
170,1756170.0,110070.0,255.0,20.0,138.0,0.6880000000000001,high
171,1766670.0,106980.0,255.0,20.0,138.0,0.6880000000000001,high
172,1762350.0,97440.0,255.0,20.0,138.0,0.6880000000000001,high
173,1755330.0,93540.0,255.0,20.0,138.0,0.6880000000000001,high
174,1754310.0,108360.0,1.0,20.0,138.0,0.2895686274509804,low
175,1770570.0,112230.0,255.0,20.0,138.0,0.6880000000000001,high
176,1767120.0,96570.0,255.0,20.0,138.0,0.6880000000000001,high
177,1770060.0,100530.0,255.0,20.0,138.0,0.6880000000000001,high
178,1772070.0,114690.0,255.0,20.0,138.0,0.6880000000000001,high
179,1774440.0,117480.0,255.0,20.0,138.0,0.6880000000000001,high
180,1757010.0,83700.0,9.0,20.0,138.0,0.30211764705882355,low
181,1776000.0,118800.0,255.0,20.0,138.0,0.6880000000000001,high
182,1758930.0,100830.0,255.0,20.0,138.0,0.6880000000000001,high
183,1769730.0,102000.0,255.0,20.0,138.0,0.6880000000000001,high
184,1781610.0,119730.0,0.0,20.0,138.0,0.28800000000000003,low
185,1771170.0,112410.0,255.0,20.0,138.0,0.6880000000000001,high
186,1760010.0,97770.0,255.0,20.0,138.0,0.6880000000000001,high
187,1774200.0,94740.0,255.0,20.0,138.0,0.6880000000000001,high
188,1773510.0,118320.0,255.0,20.0,138.0,0.6880000000000001,high
189,1757880.0,81540.0,255.0,20.0,138.0,0.6880000000000001,high
190,1776000.0,91830.0,0.0,20.0,138.0,0.28800000000000003,low
191,1753440.0,110430.0,255.0,20.0,138.0,0.6880000000000001,high
192,1755510.0,96570.0,3.0,20.0,138.0,0.29270588235294115,low
193,1762170.0,99330.0,255.0,20.0,138.0,0.6880000000000001,high
194,1758570.0,87330.0,6.0,20.0,138.0,0.2974117647058824,low
195,1749000.0,114360.0,4.0,20.0,138.0,0.29427450980392156,low
196,1752600.0,116850.0,255.0,20.0,138.0,0.6880000000000001,high
197,1757190.0,86910.0,9.0,20.0,138.0,0.30211764705882355,low
198,1754310.0,82380.0,255.0,20.0,138.0,0.6880000000000001,high
199,1750200.0,108690.0,255.0,20.0,138.0,0.6880000000000001,high
200,1756980.0,99060.0,5.0,20.0,138.0,0.29584313725490197,low
201,1760310.0,85770.0,255.0,20.0,138.0,0.6880000000000001,high
202,1778580.0,88560.0,0.0,20.0,138.0,0.28800000000000003,low
203,1780200.0,100620.0,255.0,20.0,138.0,0.6880000000000001,high
204,1772220.0,90480.0,255.0,20.0,138.0,0.6880000000000001,high
205,1771620.0,104670.0,255.0,20.0,138.0,0.6880000000000001,high
206,1751010.0,109530.0,1.0,20.0,138.0,0.2895686274509804,low
207,1775910.0,84900.0,0.0,20.0,138.0,0.28800000000000003,low
208,1748370.0,117720.0,255.0,20.0,138.0,0.6880000000000001,high
209,1777170.0,102330.0,255.0,20.0,138.0,0.6880000000000001,high
210,1748670.0,116910.0,255.0,20.0,138.0,0.6880000000000001,high
211,1779540.0,91590.0,0.0,20.0,138.0,0.28800000000000003,low
212,1751910.0,84210.0,9.0,20.0,138.0,0.30211764705882355,low
213,1769880.0,100500.0,255.0,20.0,138.0,0.6880000000000001,high
214,1766460.0,101790.0,255.0,20.0,138.0,0.6880000000000001,high
215,1779000.0,111810.0,255.0,20.0,138.0,0.6880000000000001,high
216,1779420.0,91860.0,0.0,20.0,138.0,0.28800000000000003,low
217,1757730.0,89190.0,255.0,20.0,138.0,0.6880000000000001,high
218,1771080.0,116640.0,255.0,20.0,138.0,0.6880000000000001,high
219,1759290.0,108450.0,255.0,20.0,138.0,0.6880000000000001,high
220,1748100.0,107850.0,255.0,20.0,138.0,0.6880000000000001,high
221,1766070.0,87120.0,255.0,20.0,138.0,0.6880000000000001,high
222,1773690.0,85230.0,8.0,20.0,138.0,0.30054901960784314,low
223,1769580.0,91920.0,255.0,20.0,138.0,0.6880000000000001,high
224,1771590.0,91890.0,255.0,20.0,138.0,0.6880000000000001,high
225,1747140.0,110310.0,255.0,20.0,138.0,0.6880000000000001,high
226,1749720.0,81810.0,5.0,20.0,138.0,0.29584313725490197,low
227,1754550.0,105960.0,1.0,20.0,138.0,0.2895686274509804,low
228,1761030.0,113340.0,255.0,20.0,138.0,0.6880000000000001,high
229,1751940.0,106950.0,3.0,20.0,138.0,0.29270588235294115,low
230,1780380.0,114660.0,255.0,20.0,138.0,0.6880000000000001,high
231,1777980.0,103350.0,255.0,20.0,138.0,0.6880000000000001,high
232,1760160.0,91170.0,1.0,20.0,138.0,0.2895686274509804,low
233,1777920.0,95550.0,255.0,20.0,138.0,0.6880000000000001,high
234,1770030.0,109020.0,255.0,20.0,138.0,0.6880000000000001,high
235,1771050.0,100830.0,255.0,20.0,138.0,0.6880000000000001,high
236,1759860.0,110550.0,255.0,20.0,138.0,0.6880000000000001,high
237,1752390.0,113190.0,255.0,20.0,138.0,0.6880000000000001,high
238,1762380.0,103830.0,255.0,20.0,138.0,0.6880000000000001,high
239,1770210.0,98100.0,255.0,20.0,138.0,0.6880000000000001,high
240,1771890.0,82110.0,255.0,20.0,138.0,0.6880000000000001,high
241,1767780.0,99240.0,6.0,20.0,138.0,0.2974117647058824,low
242,1765440.0,95160.0,255.0,20.0,138.0,0.6880000000000001,high
243,1759620.0,87090.0,255.0,20.0,138.0,0.6880000000000001,high
244,1747770.0,107460.0,255.0,20.0,138.0,0.6880000000000001,high
245,1772580.0,98190.0,255.0,20.0,138.0,0.6880000000000001,high
246,1778220.0,88590.0,0.0,20.0,138.0,0.28800000000000003,low
247,1765830.0,110730.0,255.0,20.0,138.0,0.6880000000000001,high
248,1767450.0,84060.0,255.0,20.0,138.0,0.6880000000000001,high
249,1764330.0,81750.0,8.0,20.0,138.0,0.30054901960784314,low
250,1778940.0,105570.0,255.0,20.0,138.0,0.6880000000000001,high
251,1778940.0,86310.0,0.0,20.0,138.0,0.28800000000000003,low
252,1762920.0,85530.0,255.0,20.0,138.0,0.6880000000000001,high
253,1768530.0,95790.0,1.0,20.0,138.0,0.2895686274509804,low
254,1782150.0,87300.0,0.0,20.0,138.0,0.28800000000000003,low
255,1780590.0,88920.0,0.0,20.0,138.0,0.28800000000000003,low
256,1766520.0,94440.0,255.0,20.0,138.0,0.6880000000000001,high
257,1747890.0,108540.0,255.0,20.0,138.0,0.6880000000000001,high
258,1776960.0,86910.0,0.0,20.0,138.0,0.28800000000000003,low
259,1767030.0,82080.0,255.0,20.0,138.0,0.6880000000000001,high
260,1777020.0,107040.0,255.0,20.0,138.0,0.6880000000000001,high
261,1779270.0,112920.0,255.0,20.0,138.0,0.6880000000000001,high
262,1752840.0,105810.0,1.0,20.0,138.0,0.2895686274509804,low
263,1778670.0,83940.0,0.0,20.0,138.0,0.28800000000000003,low
264,1763670.0,104850.0,255.0,20.0,138.0,0.6880000000000001,high
265,1774320.0,95910.0,255.0,20.0,138.0,0.6880000000000001,high
266,1748730.0,96000.0,1.0,20.0,138.0,0.2895686274509804,low
267,1769370.0,94560.0,255.0,20.0,138.0,0.6880000000000001,high
268,1779420.0,92430.0,0.0,20.0,138.0,0.28800000000000003,low
269,1774800.0,94530.0,255.0,20.0,138.0,0.6880000000000001,high
270,1756680.0,92160.0,255.0,20.0,138.0,0.6880000000000001,high
271,1781460.0,93060.0,0.0,20.0,138.0,0.28800000000000003,low
272,1766520.0,96870.0,255.0,20.0,138.0,0.6880000000000001,high
273,1781460.0,112830.0,0.0,20.0,138.0,0.28800000000000003,low
274,1753800.0,105060.0,255.0,20.0,138.0,0.6880000000000001,high
275,1751280.0,93930.0,255.0,20.0,138.0,0.6880000000000001,high
276,1781340.0,110250.0,0.0,20.0,138.0,0.28800000000000003,low
277,1755240.0,87450.0,2.0,20.0,138.0,0.2911372549019608,low
278,1781160.0,92490.0,0.0,20.0,138.0,0.28800000000000003,low
279,1755480.0,86040.0,255.0,20.0,138.0,0.6880000000000001,high
280,1755630.0,106380.0,255.0,20.0,138.0,0.6880000000000001,high
281,1781520.0,86520.0,0.0,20.0,138.0,0.28800000000000003,low
282,1773510.0,116040.0,255.0,20.0,138.0,0.6880000000000001,high
283,1752360.0,93660.0,255.0,20.0,138.0,0.6880000000000001,high
284,1746420.0,99570.0,2.0,20.0,138.0,0.2911372549019608,low
285,1767540.0,108990.0,255.0,20.0,138.0,0.6880000000000001,high
286,1760640.0,97350.0,255.0,20.0,138.0,0.6880000000000001,high
287,1771740.0,111030.0,255.0,20.0,138.0,0.6880000000000001,high
288,1749300.0,116460.0,255.0,20.0,138.0,0.6880000000000001,high
289,1762050.0,114390.0,255.0,20.0,138.0,0.6880000000000001,high
290,1777230.0,81000.0,0.0,20.0,138.0,0.28800000000000003,low
291,1758570.0,94680.0,1.0,20.0,138.0,0.2895686274509804,low
292,1762050.0,82890.0,255.0,20.0,138.0,0.6880000000000001,high
293,1755420.0,85530.0,8.0,20.0,138.0,0.30054901960784314,low
294,1770030.0,87570.0,255.0,20.0,138.0,0.6880000000000001,high
295,1763790.0,112020.0,255.0,20.0,138.0,0.6880000000000001,high
296,1752990.0,117960.0,255.0,20.0,138.0,0.6880000000000001,high
297,1775100.0,117780.0,255.0,20.0,138.0,0.6880000000000001,high
298,1752300.0,116640.0,255.0,20.0,138.0,0.6880000000000001,high
299,1781250.0,92220.0,0.0,20.0,138.0,0.28800000000000003,low
300,1752960.0,94440.0,1.0,20.0,138.0,0.2895686274509804,low
301,1753950.0,100590.0,8.0,20.0,138.0,0.30054901960784314,low
302,1775160.0,105990.0,255.0,20.0,138.0,0.6880000000000001,high
303,1767030.0,94500.0,255.0,20.0,138.0,0.6880000000000001,high
304,1747980.0,106680.0,255.0,20.0,138.0,0.6880000000000001,high
305,1774350.0,89400.0,0.0,20.0,138.0,0.28800000000000003,low
306,1755420.0,102780.0,2.0,20.0,138.0,0.2911372549019608,low
307,1747080.0,92280.0,255.0,20.0,138.0,0.6880000000000001,high
308,1752660.0,104520.0,255.0,20.0,138.0,0.6880000000000001,high
309,1752720.0,99240.0,255.0,20.0,138.0,0.6880000000000001,high
310,1759860.0,92400.0,255.0,20.0,138.0,0.6880000000000001,high
311,1746420.0,88530.0,1.0,20.0,138.0,0.2895686274509804,low
312,1774920.0,81510.0,0.0,20.0,138.0,0.28800000000000003,low
313,1777080.0,91560.0,0.0,20.0,138.0,0.28800000000000003,low
314,1779390.0,113670.0,255.0,20.0,138.0,0.6880000000000001,high
315,1779720.0,92580.0,0.0,20.0,138.0,0.28800000000000003,low
316,1753080.0,113550.0,255.0,20.0,138.0,0.6880000000000001,high
317,1767840.0,90090.0,255.0,20.0,138.0,0.6880000000000001,high
318,1779930.0,89340.0,0.0,20.0,138.0,0.28800000000000003,low
319,1761060.0,90360.0,255.0,20.0,138.0,0.6880000000000001,high
320,1764030.0,114090.0,255.0,20.0,138.0,0.6880000000000001,high
321,1754820.0,93150.0,255.0,20.0,138.0,0.6880000000000001,high
322,1747410.0,95370.0,255.0,20.0,138.0,0.6880000000000001,high
323,1766970.0,84810.0,255.0,20.0,138.0,0.6880000000000001,high
324,1756740.0,89340.0,255.0,20.0,138.0,0.6880000000000001,high
325,1758570.0,85710.0,255.0,20.0,138.0,0.6880000000000001,high
326,1767480.0,108510.0,255.0,20.0,138.0,0.6880000000000001,high
327,1777650.0,97110.0,255.0,20.0,138.0,0.6880000000000001,high
328,1767240.0,106050.0,255.0,20.0,138.0,0.6880000000000001,high
329,1761450.0,85560.0,255.0,20.0,138.0,0.6880000000000001,high
330,1747800.0,101970.0,255.0,20.0,138.0,0.6880000000000001,high
331,1779900.0,99930.0,255.0,20.0,138.0,0.6880000000000001,high
332,1746360.0,85350.0,3.0,20.0,138.0,0.29270588235294115,low
333,1764000.0,85650.0,255.0,20.0,138.0,0.6880000000000001,high
334,1753770.0,90720.0,255.0,20.0,138.0,0.6880000000000001,high
335,1779690.0,85920.0,0.0,20.0,138.0,0.28800000000000003,low
336,1756740.0,117990.0,255.0,20.0,138.0,0.6880000000000001,high
337,1770690.0,100890.0,255.0,20.0,138.0,0.6880000000000001,high
338,1749060.0,91050.0,255.0,20.0,138.0,0.6880000000000001,high
339,1754700.0,82110.0,255.0,20.0,138.0,0.6880000000000001,high
340,1748160.0,111270.0,4.0,20.0,138.0,0.29427450980392156,low
341,1772970.0,99480.0,255.0,20.0,138.0,0.6880000000000001,high
342,1780740.0,111390.0,0.0,20.0,138.0,0.28800000000000003,low
343,1757550.0,84480.0,255.0,20.0,138.0,0.6880000000000001,high
344,1763760.0,96150.0,255.0,20.0,138.0,0.6880000000000001,high
345,1774230.0,89490.0,0.0,20.0,138.0,0.28800000000000003,low
346,1747230.0,115230.0,2.0,20.0,138.0,0.2911372549019608,low
347,1777740.0,117960.0,255.0,20.0,138.0,0.6880000000000001,high
348,1781880.0,115560.0,0.0,20.0,138.0,0.28800000000000003,low
349,1774560.0,107610.0,255.0,20.0,138.0,0.6880000000000001,high
350,1753710.0,112140.0,255.0,20.0,138.0,0.6880000000000001,high
351,1752300.0,94980.0,4.0,20.0,138.0,0.29427450980392156,low
352,1753740.0,100920.0,8.0,20.0,138.0,0.30054901960784314,low
353,1778370.0,112920.0,255.0,20.0,138.0,0.6880000000000001,high
354,1747770.0,105390.0,255.0,20.0,138.0,0.6880000000000001,high
355,1750740.0,109290.0,255.0,20.0,138.0,0.6880000000000001,high
356,1765770.0,107490.0,255.0,20.0,138.0,0.6880000000000001,high
357,1758660.0,97260.0,3.0,20.0,138.0,0.29270588235294115,low
358,1767510.0,116340.0,255.0,20.0,138.0,0.6880000000000001,high
359,1748610.0,107940.0,5.0,20.0,138.0,0.29584313725490197,low
360,1757310.0,95190.0,255.0,20.0,138.0,0.6880000000000001,high
361,1775040.0,115590.0,255.0,20.0,138.0,0.6880000000000001,high
362,1779930.0,90390.0,0.0,20.0,138.0,0.28800000000000003,low
363,1763460.0,115560.0,255.0,20.0,138.0,0.6880000000000001,high
364,1771200.0,102690.0,255.0,20.0,138.0,0.6880000000000001,high
365,1754130.0,101850.0,255.0,20.0,138.0,0.6880000000000001,high
366,1758180.0,104640.0,255.0,20.0,138.0,0.6880000000000001,high
367,1763370.0,119520.0,255.0,20.0,138.0,0.6880000000000001,high
368,1760400.0,90510.0,255.0,20.0,138.0,0.6880000000000001,high
369,1754400.0,100200.0,3.0,20.0,138.0,0.29270588235294115,low
370,1753530.0,112530.0,255.0,20.0,138.0,0.6880000000000001,high
371,1774050.0,116070.0,255.0,20.0,138.0,0.6880000000000001,high
372,1752750.0,86820.0,1.0,20.0,138.0,0.2895686274509804,low
373,1760010.0,87030.0,3.0,20.0,138.0,0.29270588235294115,low
374,1765350.0,93120.0,255.0,20.0,138.0,0.6880000000000001,high
375,1749450.0,86670.0,255.0,20.0,138.0,0.6880000000000001,high
376,1782150.0,97050.0,255.0,20.0,138.0,0.6880000000000001,high
377,1761450.0,114210.0,255.0,20.0,138.0,0.6880000000000001,high
378,1750590.0,106980.0,2.0,20.0,138.0,0.2911372549019608,low
379,1769460.0,114000.0,255.0,20.0,138.0,0.6880000000000001,high
380,1766070.0,86130.0,255.0,20.0,138.0,0.6880000000000001,high
381,1763490.0,102750.0,255.0,20.0,138.0,0.6880000000000001,high
382,1781910.0,86760.0,0.0,20.0,138.0,0.28800000000000003,low
383,1776210.0,92430.0,0.0,20.0,138.0,0.28800000000000003,low
384,1752930.0,81810.0,9.0,20.0,138.0,0.30211764705882355,low
385,1761900.0,89730.0,255.0,20.0,138.0,0.6880000000000001,high
386,1770480.0,86160.0,255.0,20.0,138.0,0.6880000000000001,high
387,1761900.0,105240.0,255.0,20.0,138.0,0.6880000000000001,high
388,1764600.0,111120.0,255.0,20.0,138.0,0.6880000000000001,high
389,1756290.0,91080.0,8.0,20.0,138.0,0.30054901960784314,low
390,1774230.0,110940.0,255.0,20.0,138.0,0.6880000000000001,high
391,1750230.0,110550.0,255.0,20.0,138.0,0.6880000000000001,high
392,1756050.0,114600.0,255.0,20.0,138.0,0.6880000000000001,high
393,1762080.0,100200.0,255.0,20.0,138.0,0.6880000000000001,high
394,1758810.0,97440.0,3.0,20.0,138.0,0.29270588235294115,low
395,1751280.0,104400.0,3.0,20.0,138.0,0.29270588235294115,low
396,1781790.0,97500.0,255.0,20.0,138.0,0.6880000000000001,high
397,1776150.0,81030.0,0.0,20.0,138.0,0.28800000000000003,low
398,1781940.0,91350.0,0.0,20.0,138.0,0.28800000000000003,low
399,1750050.0,101340.0,255.0,20.0,138.0,0.6880000000000001,high
400,1774020.0,97890.0,255.0,20.0,138.0,0.6880000000000001,high
401,1751700.0,118830.0,5.0,20.0,138.0,0.29584313725490197,low
402,1754280.0,102540.0,1.0,20.0,138.0,0.2895686274509804,low
403,1752750.0,112350.0,255.0,20.0,138.0,0.6880000000000001,high
404,1747080.0,83790.0,255.0,20.0,138.0,0.6880000000000001,high
405,1764750.0,84750.0,255.0,20.0,138.0,0.6880000000000001,high
406,1759920.0,109260.0,255.0,20.0,138.0,0.6880000000000001,high
407,1763940.0,103380.0,255.0,20.0,138.0,0.6880000000000001,high
408,1766460.0,99240.0,255.0,20.0,138.0,0.6880000000000001,high
409,1761690.0,104220.0,255.0,20.0,138.0,0.6880000000000001,high
410,1780050.0,93210.0,0.0,20.0,138.0,0.28800000000000003,low
411,1773840.0,97380.0,255.0,20.0,138.0,0.6880000000000001,high
412,1772520.0,98010.0,255.0,20.0,138.0,0.6880000000000001,high
413,1760190.0,105870.0,255.0,20.0,138.0,0.6880000000000001,high
414,1767180.0,107730.0,255.0,20.0,138.0,0.6880000000000001,high
415,1781760.0,104550.0,0.0,20.0,138.0,0.28800000000000003,low
416,1751610.0,99720.0,255.0,20.0,138.0,0.6880000000000001,high
417,1758900.0,83550.0,255.0,20.0,138.0,0.6880000000000001,high
418,1755150.0,102870.0,1.0,20.0,138.0,0.2895686274509804,low
419,1762110.0,105150.0,255.0,20.0,138.0,0.6880000000000001,high
420,1772370.0,103140.0,255.0,20.0,138.0,0.6880000000000001,high
421,1780470.0,106170.0,255.0,20.0,138.0,0.6880000000000001,high
422,1780710.0,89220.0,0.0,20.0,138.0,0.28800000000000003,low
423,1775250.0,84480.0,255.0,20.0,138.0,0.6880000000000001,high
424,1752900.0,99030.0,3.0,20.0,138.0,0.29270588235294115,low
425,1753470.0,84750.0,255.0,20.0,138.0,0.6880000000000001,high
426,1772760.0,109710.0,255.0,20.0,138.0,0.6880000000000001,high
427,1766010.0,104760.0,255.0,20.0,138.0,0.6880000000000001,high
428,1777470.0,94800.0,0.0,20.0,138.0,0.28800000000000003,low
429,1779270.0,100470.0,255.0,20.0,138.0,0.6880000000000001,high
430,1776300.0,94290.0,0.0,20.0,138.0,0.28800000000000003,low
431,1766130.0,106650.0,255.0,20.0,138.0,0.6880000000000001,high
432,1769580.0,96450.0,255.0,20.0,138.0,0.6880000000000001,high
433,1775580.0,107220.0,255.0,20.0,138.0,0.6880000000000001,high
434,1754310.0,98580.0,255.0,20.0,138.0,0.6880000000000001,high
435,1755450.0,90420.0,255.0,20.0,138.0,0.6880000000000001,high
436,1758330.0,114420.0,255.0,20.0,138.0,0.6880000000000001,high
437,1770000.0,116610.0,255.0,20.0,138.0,0.6880000000000001,high
438,1747710.0,81840.0,1.0,20.0,138.0,0.2895686274509804,low
439,1763010.0,98370.0,255.0,20.0,138.0,0.6880000000000001,high
440,1770240.0,116430.0,255.0,20.0,138.0,0.6880000000000001,high
441,1763280.0,90720.0,1.0,20.0,138.0,0.2895686274509804,low
442,1758450.0,98850.0,255.0,20.0,138.0,0.6880000000000001,high
443,1752900.0,95100.0,6.0,20.0,138.0,0.2974117647058824,low
444,1759680.0,118080.0,255.0,20.0,138.0,0.6880000000000001,high
445,1779570.0,90090.0,0.0,20.0,138.0,0.28800000000000003,low
446,1761720.0,82350.0,255.0,20.0,138.0,0.6880000000000001,high
447,1757520.0,83100.0,8.0,20.0,138.0,0.30054901960784314,low
448,1766220.0,86640.0,255.0,20.0,138.0,0.6880000000000001,high
449,1760790.0,109830.0,255.0,20.0,138.0,0.6880000000000001,high
450,1778040.0,92910.0,0.0,20.0,138.0,0.28800000000000003,low
451,1781220.0,103260.0,0.0,20.0,138.0,0.28800000000000003,low
452,1762260.0,103350.0,255.0,20.0,138.0,0.6880000000000001,high
453,1748280.0,111660.0,255.0,20.0,138.0,0.6880000000000001,high
454,1781190.0,115860.0,0.0,20.0,138.0,0.28800000000000003,low
455,1756980.0,105540.0,255.0,20.0,138.0,0.6880000000000001,high
456,1780770.0,110520.0,0.0,20.0,138.0,0.28800000000000003,low
457,1749030.0,103710.0,255.0,20.0,138.0,0.6880000000000001,high
458,1747680.0,84990.0,255.0,20.0,138.0,0.6880000000000001,high
459,1761870.0,83700.0,255.0,20.0,138.0,0.6880000000000001,high
460,1761360.0,81540.0,8.0,20.0,138.0,0.30054901960784314,low
461,1779810.0,81420.0,0.0,20.0,138.0,0.28800000000000003,low
462,1762380.0,117900.0,255.0,20.0,138.0,0.6880000000000001,high
463,1766640.0,118560.0,255.0,20.0,138.0,0.6880000000000001,high
464,1781610.0,108300.0,0.0,20.0,138.0,0.28800000000000003,low
465,1779600.0,112260.0,255.0,20.0,138.0,0.6880000000000001,high
466,1782000.0,116430.0,0.0,20.0,138.0,0.28800000000000003,low
467,1750260.0,89280.0,255.0,20.0,138.0,0.6880000000000001,high
468,1778400.0,89490.0,0.0,20.0,138.0,0.28800000000000003,low
469,1781850.0,102810.0,0.0,20.0,138.0,0.28800000000000003,low
470,1772040.0,119730.0,0.0,20.0,138.0,0.28800000000000003,low
471,1759920.0,99690.0,255.0,20.0,138.0,0.6880000000000001,high
472,1751940.0,115650.0,255.0,20.0,138.0,0.6880000000000001,high
473,1756830.0,106380.0,255.0,20.0,138.0,0.6880000000000001,high
474,1773810.0,102690.0,255.0,20.0,138.0,0.6880000000000001,high
475,1750740.0,104910.0,255.0,20.0,138.0,0.6880000000000001,high
476,1770540.0,119040.0,255.0,20.0,138.0,0.6880000000000001,high
477,1780410.0,93630.0,0.0,20.0,138.0,0.28800000000000003,low
478,1750830.0,99030.0,255.0,20.0,138.0,0.6880000000000001,high
479,1776930.0,104760.0,255.0,20.0,138.0,0.6880000000000001,high
480,1747890.0,91170.0,4.0,20.0,138.0,0.29427450980392156,low
481,1770690.0,119490.0,255.0,20.0,138.0,0.6880000000000001,high
482,1748340.0,96150.0,255.0,20.0,138.0,0.6880000000000001,high
483,1747410.0,105480.0,8.0,20.0,138.0,0.30054901960784314,low
484,1768080.0,111570.0,255.0,20.0,138.0,0.6880000000000001,high
485,1779210.0,82080.0,0.0,20.0,138.0,0.28800000000000003,low
486,1749270.0,89760.0,255.0,20.0,138.0,0.6880000000000001,high
487,1770420.0,111330.0,255.0,20.0,138.0,0.6880000000000001,high
488,1751880.0,81180.0,0.0,20.0,138.0,0.28800000000000003,low
489,1782090.0,88830.0,0.0,20.0,138.0,0.28800000000000003,low
490,1758120.0,106110.0,255.0,20.0,138.0,0.6880000000000001,high
491,1751040.0,117000.0,255.0,20.0,138.0,0.6880000000000001,high
492,1754520.0,109230.0,255.0,20.0,138.0,0.6880000000000001,high
493,1761030.0,102150.0,255.0,20.0,138.0,0.6880000000000001,high
494,1748190.0,93120.0,255.0,20.0,138.0,0.6880000000000001,high
495,1763340.0,118890.0,255.0,20.0,138.0,0.6880000000000001,high
496,1771890.0,85980.0,255.0,20.0,138.0,0.6880000000000001,high
497,1755240.0,113670.0,255.0,20.0,138.0,0.6880000000000001,high
498,1776780.0,110220.0,255.0,20.0,138.0,0.6880000000000001,high
499,1760280.0,93360.0,1.0,20.0,138.0,0.2895686274509804,low
